Cereal_Name,Image_URL
100% Bran,https://i.ebayimg.com/images/g/mH0AAOSwLjFlkyUW/s-l400.jpg
100% Natural Bran,https://images.freshop.ncrcloud.com/00043000180327/7ce8f02da3250c1b0b9d55e4dc69b152_large.png
All-Bran,"https://m.media-amazon.com/images/I/71FD7KEY33L._UF1000,1000_QL80_.jpg"
All-Bran with Extra Fiber,"https://m.media-amazon.com/images/I/71FD7KEY33L._UF1000,1000_QL80_.jpg"
Almond Delight,https://static.wikia.nocookie.net/cereal/images/c/c5/Almond_Delight.jpg/revision/latest?cb=20210818122259
Apple Cinnamon Cheerios,https://images.albertsons-media.com/is/image/ABS/960451508-C1N1?$ng-ecom-pdp-desktop$&defaultImage=Not_Available
Apple Jacks,https://m.media-amazon.com/images/I/91awApI3OsL.jpg
Basic 4,https://i5.walmartimages.com/asr/67092591-f3b8-4546-88fc-1f30d4a06c45.0009cd0502d2063fcaf6b4db071b7e9f.jpeg
Bran Chex,https://i.ebayimg.com/images/g/z2wAAOSw1pxlBzG2/s-l1200.jpg
Bran Flakes,https://m.media-amazon.com/images/I/A1FO3A7+hKL.jpg
Cap'n'Crunch,"https://m.media-amazon.com/images/I/81NEeovtEGL._UF350,350_QL80_.jpg"
Cheerios,https://m.media-amazon.com/images/I/914qUV8LChL.jpg
Cinnamon Toast Crunch,"https://m.media-amazon.com/images/I/91j6fXMblPL._UF1000,1000_QL80_.jpg"
Clusters,https://i5.walmartimages.com/seo/TJ-Maple-Pecan-Clusters-Cereal-2-20-Oz-Boxes_8666baba-7003-4d97-bd9a-b84f68e5e043.4ea50f1dbe91eec98d22826080f5419b.jpeg
Cocoa Puffs,https://i5.walmartimages.com/asr/6b160f0e-0d0b-4174-b864-4d74c49ef911.b899e774075782d1b6ff355c9b9a1fa6.jpeg?odnHeight=768&odnWidth=768&odnBg=FFFFFF
Corn Chex,https://i5.walmartimages.com/asr/390e76d0-1c0a-4a61-a634-772a0d6a42be.a247ca26042044444d474a44bb382e57.jpeg
Corn Flakes,"https://m.media-amazon.com/images/I/81-bYaTutTL._UF894,1000_QL80_.jpg"
Corn Pops,"https://m.media-amazon.com/images/I/81iim-MEliL._UF894,1000_QL80_.jpg"
Count Chocula,https://i.ebayimg.com/images/g/Q0cAAOSwiP1ip-zv/s-l1200.jpg
Cracklin' Oat Bran,"https://m.media-amazon.com/images/I/913zWRDCveL._UF1000,1000_QL80_.jpg"
Cream of Wheat (Quick),https://assets.usfoods.com/Product/Image/1465028/68ea2f1ff2bd3a33233060521e7a17df.jpg
Crispix,https://m.media-amazon.com/images/I/81xziOzuueL.jpg
Crispy Wheat & Raisins,https://i.ytimg.com/vi/v3rwJzytSwM/hq720.jpg?sqp=-oaymwEhCK4FEIIDSFryq4qpAxMIARUAAAAAGAElAADIQj0AgKJD&rs=AOn4CLBCBSd4ECdWFk-Y3_pU98mPWZerkw
Double Chex,https://i.ebayimg.com/images/g/-zYAAOSwdctjwW9D/s-l1200.jpg
Froot Loops,"https://m.media-amazon.com/images/I/91ZlvRAdYjL._UF1000,1000_QL80_.jpg"
Frosted Flakes,https://i5.walmartimages.com/seo/Kellogg-s-Breakfast-Cereal-Frosted-Flakes-Original-26-8-Oz_81f5dc77-6a62-4933-bfc4-84ba407bd794_2.fa00c9782df1cbadf823b651f9e9c9b7.jpeg?odnHeight=768&odnWidth=768&odnBg=FFFFFF
Frosted Mini-Wheats,"https://m.media-amazon.com/images/I/81byKl71yrL._UF894,1000_QL80_.jpg"
Fruit & Fibre Dates; Walnuts; and Oats,https://i.ebayimg.com/images/g/-OQAAOSwBahUzOxB/s-l1200.jpg
Fruitful Bran,https://i.ebayimg.com/00/s/MTU5OVgxMjAw/z/0o8AAOSwwnFgEOC1/$_57.JPG?set_id=8800005007
Fruity Pebbles,https://i.ebayimg.com/images/g/6cEAAOSwkztgIz~F/s-l1200.jpg
Golden Crisp,https://m.media-amazon.com/images/I/81ObwnUhfkL.jpg
Golden Grahams,https://m.media-amazon.com/images/I/711f4fBcc9L.jpg
Grape Nuts Flakes,https://m.media-amazon.com/images/I/81fzdyNKGWL.jpg
Grape-Nuts,"https://m.media-amazon.com/images/I/5126kmwBenL._UF894,1000_QL80_.jpg"
Great Grains Pecan,https://m.media-amazon.com/images/I/91pvSMvVMEL.jpg
Honey Graham Ohs,https://m.media-amazon.com/images/I/51tTSs6ZUbL._AC_.jpg
Honey Nut Cheerios,https://m.media-amazon.com/images/I/81rOCRn4PkL.jpg
Honey-comb,"https://m.media-amazon.com/images/I/81wA86EYLNL._UF894,1000_QL80_.jpg"
Just Right Crunchy  Nuggets,https://www.mrbreakfast.com/cereal/c_210.jpg
Just Right Fruit & Nut,https://images.freshop.ncrcloud.com/00038000041006/5f697f544d9718b01ed38a5256981ed7_large.png
Kix,"https://m.media-amazon.com/images/I/81j3jjtOpQL._UF894,1000_QL80_.jpg"
Life,"https://m.media-amazon.com/images/I/81qN49hb-XL._UF894,1000_QL80_.jpg"
Lucky Charms,https://target.scene7.com/is/image/Target/GUEST_9d43fc05-197c-4ecf-923d-b1316b86d9f8?wid=300&hei=300&fmt=pjpeg
Maypo,https://m.media-amazon.com/images/I/81i3wta3p8L.jpg
Muesli Raisins; Dates; & Almonds,https://www.instacart.com/image-server/1864x1864/www.instacart.com/assets/domains/product-image/file/large_4a2ee9e5-5046-4aec-aeba-85a3dbf75899.png
Muesli Raisins; Peaches; & Pecans,"https://m.media-amazon.com/images/I/612YpyI3vOL._UF894,1000_QL80_.jpg"
Mueslix Crispy Blend,https://i.ebayimg.com/images/g/tMcAAOSwJsZigaBo/s-l1200.jpg
Multi-Grain Cheerios,"https://m.media-amazon.com/images/I/81HLLOOMhxL._UF894,1000_QL80_.jpg"
Nut&Honey Crunch,https://i.ebayimg.com/images/g/szgAAOSwgjtk-GsV/s-l400.jpg
Nutri-Grain Almond-Raisin,https://i.ebayimg.com/images/g/NpwAAOSwnIpnJjrG/s-l1200.jpg
Nutri-grain Wheat,"https://m.media-amazon.com/images/I/81JXmcFvKoL._UF894,1000_QL80_.jpg"
Oatmeal Raisin Crisp,https://i.ebayimg.com/images/g/OKAAAOSwun1gbM4Q/s-l1200.jpg
Post Nat. Raisin Bran,https://www.postconsumerbrands.com/wp-content/uploads/2023/12/Raisin-Bran-cereal-1024x1024.png
Product 19,https://img.atlasobscura.com/sZwfmRgjfDIY4U01YDa88Ua7CqZTeYlakCpQMZA4TKc/rs:fill:780:520:1/g:ce/q:81/sm:1/scp:1/ar:1/aHR0cHM6Ly9hdGxh/cy1kZXYuczMuYW1h/em9uYXdzLmNvbS91/cGxvYWRzL2Fzc2V0/cy84MGVlOTdjYzU1/Y2YxYmZhYTBfNDQ1/MDQ3NTA1Nl9kOGQx/NDJlMTczX28uanBn.jpg
Puffed Rice,https://i.ebayimg.com/images/g/TV4AAOSwZnRmiS9-/s-l1200.jpg
Puffed Wheat,"https://m.media-amazon.com/images/I/81ObwnUhfkL._UF350,350_QL50_.jpg"
Quaker Oat Squares,https://target.scene7.com/is/image/Target/GUEST_a9e531d3-971e-451d-8acb-532eaff32b76?wid=300&hei=300&fmt=pjpeg
Quaker Oatmeal,https://www.quakeroats.com/sites/quakeroats.com/files/quaker_oatmealsquares_brownsugar_320x400_3.png
Raisin Bran,"https://m.media-amazon.com/images/I/81Mbb9FQ2RL._UF894,1000_QL80_.jpg"
Raisin Nut Bran,"https://m.media-amazon.com/images/I/81mJ7oLDUBL._UF894,1000_QL80_.jpg"
Raisin Squares,https://i.ebayimg.com/images/g/P2oAAOSwFd9gbNCE/s-l1200.jpg
Rice Chex,"https://m.media-amazon.com/images/I/817-8iLd0UL._UF894,1000_QL80_.jpg"
Rice Krispies,"https://m.media-amazon.com/images/I/91wQJ7zL0hL._UF350,350_QL80_.jpg"
Shredded Wheat,"https://m.media-amazon.com/images/I/81heGXgKUiL._UF894,1000_QL80_.jpg"
Shredded Wheat 'n'Bran,https://i5.walmartimages.com/asr/28925209-5a8e-4d8e-bb3f-8f108917f7b1.82ada59162c67d0608c73ab3ec7fdeaf.jpeg
Shredded Wheat spoon size,https://i5.walmartimages.com/asr/981f213f-601e-424d-872e-bdd584ceddd5.a67b44591eb953b738b606d6a4a445a2.jpeg
Smacks,https://i5.walmartimages.com/asr/1b0ca0f6-5756-47c8-8704-027a92ce41e1.e5358ad10a7e13e538b9418c2361e3fe.jpeg?odnHeight=768&odnWidth=768&odnBg=FFFFFF
Special K,https://m.media-amazon.com/images/I/71ImVIXqJEL.jpg
Strawberry Fruit Wheats,https://s3-us-west-2.amazonaws.com/static.gardengrocer.com/attachments/photos/high_res/2626.jpg?5457
Total Corn Flakes,"https://m.media-amazon.com/images/I/81N3nxSfEzL._UF1000,1000_QL80_.jpg"
Total Raisin Bran,https://images.freshop.ncrcloud.com/00016000275133/687bb5107cd000d08c4d0340b4f4fa15_large.png
Total Whole Grain,https://m.media-amazon.com/images/I/81N3nxSfEzL.jpg
Triples,https://i.ebayimg.com/images/g/Qg0AAOSwk4tlG4ow/s-l1200.png
Trix,https://m.media-amazon.com/images/I/819AURbK-oL.jpg
Wheat Chex,https://i5.walmartimages.com/asr/54ab41fc-bcef-4887-b4cd-736fadf8a248.148e701fe43d192f9ea457e80fbf11b1.jpeg
Wheaties,https://th-thumbnailer.cdn-si-edu.com/ipqR1zhTimCYIha9OWWtkwogfLM=/800x0/filters:no_upscale()/https://tf-cmsv2-smithsonianmag-media.s3.amazonaws.com/filer/Walter-Payton-1986-large-600.jpg
Wheaties Honey Gold,https://www.mrbreakfast.com/cereal/c_1196_wheaties_honey_gold_box_front.jpg